{"DQN": {"Strat": [[69, 70], [41, 42], [92, 93], [55, 56], [23, 24], [74, 75], [49, 50], [66, 67], [57, 58], [22, 23], [61, 62], [10, 11], [39, 40], [13, 14], [5, 6], [78, 79], [91, 92], [27, 28], [9, 10], [20, 21], [96, 97], [63, 64], [56, 57], [71, 72], [26, 27], [32, 33], [25, 26], [7, 8], [76, 77], [8, 9], [18, 19], [93, 94], [4, 5], [38, 39], [33, 34], [12, 13], [73, 74], [52, 53], [45, 46], [70, 71], [83, 84], [37, 38], [24, 25], [88, 89], [43, 44], [40, 41], [29, 30], [11, 12], [89, 90], [65, 66], [98, 99], [30, 31], [2, 3], [1, 2], [79, 80], [86, 87], [82, 83], [60, 61], [48, 49], [44, 45], [90, 91], [87, 88], [14, 15], [95, 96], [34, 35], [59, 60], [77, 78], [81, 82], [21, 22], [80, 81], [67, 68], [17, 18], [62, 63], [35, 36], [51, 52], [72, 73], [15, 16], [68, 69], [46, 47], [84, 85], [53, 54], [28, 29], [36, 37], [75, 76], [6, 7], [97, 98], [85, 86], [64, 65], [31, 32], [94, 95], [54, 55], [50, 51], [47, 48], [58, 59], [99, 100], [42, 43], [19, 20], [3, 4], [16, 17]], "R": -11.347700000000014}, "Base-0": {"Strat": [[17, 18], [16, 17], [49, 50], [86, 87], [33, 34], [50, 51], [15, 16], [63, 64], [48, 49], [97, 98], [59, 60], [51, 52], [12, 13], [55, 56], [93, 94], [82, 83], [98, 99], [25, 26], [11, 12], [4, 5], [61, 62], [20, 21], [2, 3], [14, 15], [56, 57], [9, 10], [95, 96], [77, 78], [39, 40], [88, 89], [65, 66], [96, 97], [7, 8], [75, 76], [74, 75], [89, 90], [66, 67], [37, 38], [8, 9], [92, 93], [71, 72], [3, 4], [18, 19], [43, 44], [42, 43], [94, 95], [21, 22], [5, 6], [10, 11], [91, 92], [1, 2], [31, 32], [83, 84], [45, 46], [26, 27], [40, 41], [27, 28], [46, 47], [47, 48], [99, 100], [36, 37], [84, 85], [22, 23], [64, 65], [69, 70], [54, 55], [81, 82], [41, 42], [32, 33], [19, 20], [13, 14], [52, 53], [38, 39], [72, 73], [70, 71], [30, 31], [73, 74], [79, 80], [6, 7], [34, 35], [53, 54], [85, 86], [76, 77], [90, 91], [35, 36], [23, 24], [29, 30], [44, 45], [87, 88], [78, 79], [60, 61], [28, 29], [57, 58], [80, 81], [67, 68], [58, 59], [68, 69], [24, 25], [62, 63]], "R": -0.09670000000000001}}