{"DQN": {"Strat": [[5, 6], [2, 3], [1, 2], [9, 10], [6, 7], [4, 5], [8, 9], [3, 4], [7, 8]], "R": -0.20500000000000007}, "Base-0": {"Strat": [[7, 8], [8, 9], [9, 10], [4, 5], [6, 7], [1, 2], [3, 4], [5, 6], [2, 3]], "R": -0.0782}, "Base-1": {"Strat": [[6, 7], [2, 3], [1, 2], [4, 5], [9, 10], [7, 8], [5, 6], [8, 9], [3, 4]], "R": -0.9467000000000001}, "Base-2": {"Strat": [[4, 5], [8, 9], [9, 10], [5, 6], [6, 7], [2, 3], [3, 4], [7, 8], [1, 2]], "R": -1.3335000000000001}, "Base-3": {"Strat": [[3, 4], [8, 9], [5, 6], [6, 7], [4, 5], [1, 2], [2, 3], [9, 10], [7, 8]], "R": -0.1956}, "Base-4": {"Strat": [[1, 2], [8, 9], [9, 10], [6, 7], [7, 8], [4, 5], [2, 3], [3, 4], [5, 6]], "R": -0.5432}}