{"DQN": {"Strat": [[1, 2], [1, 4], [3, 6], [2, 5], [5, 6], [4, 5], [2, 3]], "R": 0.2268, "Hyperparameters": {"Batch Size": 128, "Gamma": 1, "EpsilonStart": 0.99, "EpsilonEnd": 0.3, "EpsilonDecay": 1000, "Tau": 0.005, "LearningRate": 0.0001, "NumEpisodes": 7001}}, "Base-0": {"Strat": [[3, 6], [4, 5], [2, 5], [1, 2], [5, 6], [1, 4], [2, 3]], "R": 0.2388}, "Base-1": {"Strat": [[1, 4], [2, 3], [1, 2], [5, 6], [2, 5], [3, 6], [4, 5]], "R": 0.2268}, "Base-2": {"Strat": [[1, 4], [3, 6], [4, 5], [2, 3], [1, 2], [2, 5], [5, 6]], "R": 0.3515999999999999}, "Base-3": {"Strat": [[2, 5], [1, 2], [1, 4], [3, 6], [2, 3], [5, 6], [4, 5]], "R": 0.2267999999999999}, "Base-4": {"Strat": [[5, 6], [2, 3], [3, 6], [1, 4], [1, 2], [2, 5], [4, 5]], "R": 0.2267999999999999}}