{"DQN": {"Strat": [[2, 3], [1, 2], [3, 4]], "R": 0.5569999999999999, "Hyperparameters": {"Batch Size": 128, "Gamma": 1, "EpsilonStart": 0.99, "EpsilonEnd": 0.3, "EpsilonDecay": 1000, "Tau": 0.005, "LearningRate": 0.0001, "NumEpisodes": 5001}}, "Base-0": {"Strat": [[3, 4], [1, 2], [2, 3]], "R": 0.5449999999999999}, "Base-1": {"Strat": [[3, 4], [2, 3], [1, 2]], "R": 0.5449999999999999}, "Base-2": {"Strat": [[3, 4], [2, 3], [1, 2]], "R": 0.5449999999999999}, "Base-3": {"Strat": [[3, 4], [2, 3], [1, 2]], "R": 0.5449999999999999}, "Base-4": {"Strat": [[2, 3], [1, 2], [3, 4]], "R": 0.5569999999999999}}