{"DQN": {"Strat": [[1, 2], [2, 3], [14, 15], [5, 14], [5, 9], [12, 13], [18, 19], [6, 7], [7, 8], [15, 16], [5, 4], [3, 5], [16, 17], [17, 18], [5, 11], [9, 10], [11, 12], [5, 6], [18, 20]], "R": -1.5014000000000003, "Hyperparameters": {"Batch Size": 190, "Gamma": 1, "EpsilonStart": 0.9, "EpsilonEnd": 0.05, "EpsilonDecay": 1000, "Tau": 0.005, "LearningRate": 0.0001, "NumEpisodes": 6001}}, "Base-0": {"Strat": [[18, 20], [11, 12], [7, 8], [6, 7], [17, 18], [2, 3], [5, 14], [12, 13], [5, 6], [5, 11], [9, 10], [16, 17], [3, 5], [15, 16], [5, 4], [1, 2], [18, 19], [14, 15], [5, 9]], "R": -1.6382000000000003}, "Base-1": {"Strat": [[12, 13], [7, 8], [18, 19], [16, 17], [15, 16], [5, 9], [5, 4], [5, 11], [9, 10], [3, 5], [17, 18], [18, 20], [2, 3], [1, 2], [14, 15], [5, 6], [11, 12], [6, 7], [5, 14]], "R": -1.7630000000000008}, "Base-2": {"Strat": [[1, 2], [11, 12], [7, 8], [12, 13], [17, 18], [5, 9], [2, 3], [16, 17], [15, 16], [9, 10], [5, 4], [5, 14], [5, 6], [3, 5], [14, 15], [18, 20], [5, 11], [18, 19], [6, 7]], "R": -1.763}, "Base-3": {"Strat": [[5, 6], [2, 3], [6, 7], [11, 12], [5, 9], [18, 19], [18, 20], [5, 4], [15, 16], [5, 14], [14, 15], [3, 5], [5, 11], [1, 2], [7, 8], [9, 10], [12, 13], [17, 18], [16, 17]], "R": -2.0246000000000004}, "Base-4": {"Strat": [[5, 11], [5, 6], [5, 4], [18, 20], [18, 19], [5, 9], [2, 3], [17, 18], [15, 16], [5, 14], [14, 15], [1, 2], [16, 17], [11, 12], [6, 7], [12, 13], [9, 10], [3, 5], [7, 8]], "R": -1.8878}}