{"DQN": {"Strat": [[2, 3], [1, 2], [11, 12], [8, 9], [47, 48], [32, 33], [22, 23], [16, 17], [41, 42], [19, 20], [46, 47], [25, 26], [21, 22], [29, 30], [12, 13], [24, 25], [3, 4], [38, 39], [15, 16], [39, 40], [30, 31], [49, 50], [13, 14], [36, 37], [7, 8], [18, 19], [44, 45], [6, 7], [9, 10], [20, 21], [31, 32], [34, 35], [27, 28], [48, 49], [35, 36], [43, 44], [14, 15], [33, 34], [23, 24], [17, 18], [28, 29], [5, 6], [37, 38], [26, 27], [4, 5], [40, 41], [42, 43], [10, 11], [45, 46]], "R": -5.3574000000000055, "Hyperparameters": {"Batch Size": 128, "Gamma": 1, "EpsilonStart": 0.05, "EpsilonEnd": 0.05, "EpsilonDecay": 1000, "Tau": 0.005, "LearningRate": 0.0005, "NumEpisodes": 10001}}, "Base-0": {"Strat": [[17, 18], [30, 31], [44, 45], [25, 26], [22, 23], [1, 2], [7, 8], [26, 27], [38, 39], [18, 19], [31, 32], [43, 44], [3, 4], [39, 40], [34, 35], [42, 43], [23, 24], [15, 16], [28, 29], [41, 42], [13, 14], [40, 41], [45, 46], [37, 38], [21, 22], [2, 3], [48, 49], [12, 13], [16, 17], [24, 25], [6, 7], [19, 20], [11, 12], [8, 9], [29, 30], [27, 28], [33, 34], [47, 48], [5, 6], [35, 36], [36, 37], [14, 15], [46, 47], [4, 5], [32, 33], [49, 50], [10, 11], [20, 21], [9, 10]], "R": -1.9340000000000002}, "Base-1": {"Strat": [[46, 47], [23, 24], [1, 2], [25, 26], [28, 29], [22, 23], [8, 9], [3, 4], [49, 50], [43, 44], [12, 13], [47, 48], [32, 33], [24, 25], [11, 12], [4, 5], [29, 30], [33, 34], [34, 35], [27, 28], [17, 18], [14, 15], [13, 14], [9, 10], [10, 11], [35, 36], [30, 31], [21, 22], [31, 32], [18, 19], [40, 41], [20, 21], [36, 37], [42, 43], [39, 40], [26, 27], [15, 16], [5, 6], [16, 17], [41, 42], [37, 38], [44, 45], [7, 8], [38, 39], [6, 7], [2, 3], [48, 49], [45, 46], [19, 20]], "R": -9.118699999999997}, "Base-2": {"Strat": [[40, 41], [4, 5], [38, 39], [18, 19], [33, 34], [2, 3], [24, 25], [47, 48], [28, 29], [5, 6], [15, 16], [25, 26], [10, 11], [41, 42], [12, 13], [49, 50], [29, 30], [44, 45], [35, 36], [39, 40], [19, 20], [9, 10], [32, 33], [45, 46], [11, 12], [43, 44], [31, 32], [8, 9], [17, 18], [27, 28], [20, 21], [48, 49], [7, 8], [36, 37], [1, 2], [22, 23], [14, 15], [30, 31], [21, 22], [42, 43], [26, 27], [3, 4], [46, 47], [16, 17], [23, 24], [34, 35], [6, 7], [37, 38], [13, 14]], "R": -2.5769999999999995}, "Base-3": {"Strat": [[35, 36], [9, 10], [49, 50], [27, 28], [36, 37], [26, 27], [38, 39], [41, 42], [25, 26], [46, 47], [43, 44], [16, 17], [21, 22], [20, 21], [2, 3], [47, 48], [32, 33], [22, 23], [33, 34], [19, 20], [15, 16], [28, 29], [10, 11], [17, 18], [1, 2], [30, 31], [45, 46], [6, 7], [7, 8], [23, 24], [3, 4], [11, 12], [18, 19], [39, 40], [44, 45], [29, 30], [34, 35], [42, 43], [8, 9], [48, 49], [24, 25], [37, 38], [31, 32], [13, 14], [5, 6], [14, 15], [4, 5], [40, 41], [12, 13]], "R": -3.640699999999999}, "Base-4": {"Strat": [[5, 6], [23, 24], [29, 30], [39, 40], [2, 3], [17, 18], [13, 14], [34, 35], [19, 20], [43, 44], [21, 22], [18, 19], [24, 25], [9, 10], [48, 49], [42, 43], [7, 8], [36, 37], [47, 48], [14, 15], [1, 2], [49, 50], [3, 4], [26, 27], [27, 28], [37, 38], [12, 13], [30, 31], [8, 9], [32, 33], [16, 17], [46, 47], [28, 29], [20, 21], [38, 39], [15, 16], [35, 36], [41, 42], [22, 23], [10, 11], [45, 46], [33, 34], [40, 41], [44, 45], [6, 7], [31, 32], [4, 5], [25, 26], [11, 12]], "R": -6.908699999999999}}