{"DQN": {"Strat": [[7, 8], [15, 16], [5, 14], [14, 15], [18, 19], [18, 20], [16, 17], [3, 5], [17, 18], [6, 7], [5, 6], [2, 3], [5, 4], [5, 11], [1, 2], [9, 10], [12, 13], [5, 9], [11, 12]], "R": -1.127, "Hyperparameters": {"Batch Size": 57, "Gamma": 1, "EpsilonStart": 0.85, "EpsilonEnd": 0.05, "EpsilonDecay": 1000, "Tau": 0.01, "LearningRate": 0.001, "NumEpisodes": 1}}, "Base-0": {"Strat": [[2, 3], [1, 2], [11, 12], [5, 14], [5, 4], [15, 16], [5, 9], [12, 13], [9, 10], [5, 6], [14, 15], [18, 19], [18, 20], [16, 17], [17, 18], [7, 8], [3, 5], [6, 7], [5, 11]], "R": -2.0246}, "Base-1": {"Strat": [[5, 11], [6, 7], [1, 2], [3, 5], [15, 16], [9, 10], [5, 6], [16, 17], [5, 14], [18, 19], [14, 15], [12, 13], [2, 3], [7, 8], [11, 12], [5, 4], [5, 9], [17, 18], [18, 20]], "R": -1.8998}, "Base-2": {"Strat": [[11, 12], [5, 14], [5, 11], [18, 19], [5, 4], [5, 9], [1, 2], [18, 20], [2, 3], [17, 18], [9, 10], [15, 16], [12, 13], [5, 6], [16, 17], [6, 7], [14, 15], [3, 5], [7, 8]], "R": -1.6261999999999999}, "Base-3": {"Strat": [[16, 17], [5, 11], [18, 20], [5, 9], [5, 4], [17, 18], [18, 19], [14, 15], [5, 14], [3, 5], [6, 7], [12, 13], [11, 12], [5, 6], [2, 3], [9, 10], [15, 16], [1, 2], [7, 8]], "R": -2.0246}, "Base-4": {"Strat": [[1, 2], [17, 18], [9, 10], [5, 9], [6, 7], [5, 6], [15, 16], [12, 13], [5, 4], [16, 17], [7, 8], [14, 15], [18, 19], [5, 14], [18, 20], [3, 5], [11, 12], [5, 11], [2, 3]], "R": -1.6381999999999999}}