{"DQN": {"Strat": [[1, 2], [2, 3], [18, 20], [5, 14], [5, 4], [7, 8], [11, 12], [9, 10], [15, 16], [14, 15], [17, 18], [18, 19], [5, 6], [5, 9], [16, 17], [6, 7], [3, 5], [5, 11], [12, 13]], "R": -1.6261999999999999, "Hyperparameters": {"Batch Size": 57, "Gamma": 1, "EpsilonStart": 0.85, "EpsilonEnd": 0.05, "EpsilonDecay": 1000, "Tau": 0.01, "LearningRate": 0.001, "NumEpisodes": 5000}}, "Base-0": {"Strat": [[5, 9], [12, 13], [14, 15], [1, 2], [3, 5], [2, 3], [18, 19], [11, 12], [5, 14], [17, 18], [6, 7], [5, 4], [9, 10], [5, 6], [18, 20], [5, 11], [16, 17], [15, 16], [7, 8]], "R": -1.763}, "Base-1": {"Strat": [[5, 6], [5, 11], [6, 7], [14, 15], [17, 18], [15, 16], [5, 4], [11, 12], [5, 14], [7, 8], [3, 5], [18, 19], [9, 10], [16, 17], [1, 2], [5, 9], [12, 13], [2, 3], [18, 20]], "R": -2.3101999999999996}, "Base-2": {"Strat": [[7, 8], [3, 5], [15, 16], [5, 9], [5, 14], [18, 20], [1, 2], [5, 11], [5, 4], [12, 13], [5, 6], [2, 3], [11, 12], [16, 17], [6, 7], [18, 19], [9, 10], [14, 15], [17, 18]], "R": -2.0366}, "Base-3": {"Strat": [[17, 18], [3, 5], [5, 4], [1, 2], [11, 12], [5, 14], [16, 17], [14, 15], [18, 19], [2, 3], [5, 11], [5, 6], [9, 10], [18, 20], [15, 16], [12, 13], [7, 8], [5, 9], [6, 7]], "R": -2.1734}, "Base-4": {"Strat": [[14, 15], [17, 18], [11, 12], [5, 14], [15, 16], [5, 6], [6, 7], [5, 9], [9, 10], [1, 2], [12, 13], [18, 19], [2, 3], [3, 5], [16, 17], [5, 4], [5, 11], [7, 8], [18, 20]], "R": -2.0366}}