{"DQN": {"Strat": [[2, 3], [1, 2], [18, 19], [5, 4], [3, 5], [5, 6], [5, 14], [14, 15], [5, 9], [6, 7], [5, 11], [18, 20], [9, 10], [16, 17], [12, 13], [7, 8], [17, 18], [15, 16], [11, 12]], "R": -1.7630000000000003, "Hyperparameters": {"Batch Size": 190, "Gamma": 1, "EpsilonStart": 0.9, "EpsilonEnd": 0.05, "EpsilonDecay": 1000, "Tau": 0.005, "LearningRate": 0.0001, "NumEpisodes": 5001}}, "Base-0": {"Strat": [[17, 18], [3, 5], [18, 20], [5, 14], [11, 12], [16, 17], [2, 3], [7, 8], [12, 13], [1, 2], [14, 15], [18, 19], [5, 11], [5, 9], [6, 7], [15, 16], [5, 6], [9, 10], [5, 4]], "R": -2.0366}, "Base-1": {"Strat": [[5, 9], [15, 16], [5, 4], [5, 11], [16, 17], [18, 19], [5, 14], [3, 5], [17, 18], [18, 20], [12, 13], [1, 2], [14, 15], [2, 3], [11, 12], [5, 6], [7, 8], [9, 10], [6, 7]], "R": -2.0366}, "Base-2": {"Strat": [[14, 15], [2, 3], [17, 18], [1, 2], [18, 20], [7, 8], [5, 11], [9, 10], [5, 6], [5, 14], [6, 7], [5, 9], [15, 16], [12, 13], [11, 12], [5, 4], [18, 19], [16, 17], [3, 5]], "R": -2.0365999999999995}, "Base-3": {"Strat": [[18, 19], [11, 12], [6, 7], [5, 9], [14, 15], [17, 18], [9, 10], [5, 14], [15, 16], [16, 17], [7, 8], [2, 3], [12, 13], [5, 11], [5, 6], [18, 20], [3, 5], [5, 4], [1, 2]], "R": -1.8878}, "Base-4": {"Strat": [[2, 3], [16, 17], [5, 14], [14, 15], [7, 8], [5, 11], [11, 12], [12, 13], [3, 5], [1, 2], [9, 10], [18, 19], [5, 4], [6, 7], [18, 20], [15, 16], [17, 18], [5, 6], [5, 9]], "R": -1.9117999999999995}}