{"DQN": {"Strat": [[1, 2], [1, 7], [7, 9], [3, 4], [19, 21], [1, 10], [2, 3], [27, 29], [13, 15], [3, 6], [19, 20], [10, 11], [16, 17], [11, 12], [19, 22], [22, 23], [22, 24], [25, 26], [13, 14], [27, 28], [30, 32], [17, 18], [4, 5], [16, 25], [30, 31], [2, 16], [17, 19], [25, 27], [7, 8], [11, 13], [27, 30]], "R": -3.5481, "Hyperparameters": {"Batch Size": 310, "Gamma": 1, "EpsilonStart": 0.55, "EpsilonEnd": 0.05, "EpsilonDecay": 1000, "Tau": 0.01, "LearningRate": 0.01, "NumEpisodes": 5001}}, "Base-0": {"Strat": [[13, 14], [17, 19], [27, 28], [7, 8], [10, 11], [2, 16], [11, 13], [13, 15], [22, 24], [17, 18], [16, 25], [1, 7], [22, 23], [19, 21], [25, 26], [19, 20], [2, 3], [4, 5], [1, 10], [19, 22], [30, 31], [25, 27], [16, 17], [3, 4], [27, 29], [1, 2], [3, 6], [7, 9], [11, 12], [27, 30], [30, 32]], "R": -5.8115}, "Base-1": {"Strat": [[19, 22], [7, 9], [4, 5], [2, 16], [22, 23], [19, 21], [11, 12], [30, 32], [13, 15], [1, 2], [7, 8], [13, 14], [3, 4], [17, 18], [27, 28], [25, 26], [25, 27], [1, 7], [2, 3], [27, 29], [1, 10], [3, 6], [16, 17], [10, 11], [19, 20], [27, 30], [16, 25], [22, 24], [17, 19], [11, 13], [30, 31]], "R": -4.295399999999999}, "Base-2": {"Strat": [[27, 28], [4, 5], [7, 9], [13, 15], [30, 31], [3, 6], [30, 32], [22, 23], [25, 27], [1, 10], [25, 26], [13, 14], [19, 22], [19, 20], [27, 29], [10, 11], [11, 13], [7, 8], [2, 16], [1, 2], [11, 12], [22, 24], [19, 21], [2, 3], [16, 25], [16, 17], [17, 18], [1, 7], [17, 19], [27, 30], [3, 4]], "R": -5.357000000000003}, "Base-3": {"Strat": [[27, 28], [13, 14], [17, 19], [1, 10], [1, 2], [16, 25], [10, 11], [7, 8], [7, 9], [22, 23], [27, 29], [25, 26], [3, 6], [1, 7], [17, 18], [19, 21], [2, 16], [13, 15], [30, 31], [11, 12], [3, 4], [25, 27], [19, 22], [4, 5], [16, 17], [11, 13], [30, 32], [2, 3], [27, 30], [22, 24], [19, 20]], "R": -5.8527000000000005}, "Base-4": {"Strat": [[19, 21], [16, 25], [22, 23], [10, 11], [16, 17], [2, 3], [17, 19], [1, 10], [11, 13], [13, 14], [3, 6], [30, 32], [3, 4], [7, 9], [27, 28], [17, 18], [19, 20], [30, 31], [13, 15], [7, 8], [4, 5], [19, 22], [25, 26], [1, 7], [22, 24], [1, 2], [27, 30], [2, 16], [27, 29], [11, 12], [25, 27]], "R": -3.8079}}