{"DQN": {"Strat": [[11, 13], [2, 3], [27, 28], [16, 25], [27, 29], [2, 16], [13, 14], [7, 9], [1, 7], [11, 12], [19, 22], [3, 6], [25, 27], [17, 19], [1, 2], [13, 15], [30, 32], [17, 18], [3, 4], [30, 31], [7, 8], [4, 5], [1, 10], [22, 23], [22, 24], [16, 17], [25, 26], [27, 30], [19, 21], [19, 20], [10, 11]], "R": -2.81, "Hyperparameters": {"Batch Size": 93, "Gamma": 1, "EpsilonStart": 0.85, "EpsilonEnd": 0.05, "EpsilonDecay": 1000, "Tau": 0.01, "LearningRate": 0.001, "NumEpisodes": 1}}, "Base-0": {"Strat": [[25, 26], [3, 6], [2, 3], [13, 14], [7, 9], [7, 8], [2, 16], [3, 4], [11, 12], [16, 25], [17, 19], [22, 23], [1, 10], [13, 15], [1, 7], [17, 18], [19, 21], [27, 30], [16, 17], [25, 27], [1, 2], [22, 24], [30, 31], [27, 28], [11, 13], [19, 22], [10, 11], [19, 20], [27, 29], [30, 32], [4, 5]], "R": -3.7322000000000006}, "Base-1": {"Strat": [[7, 8], [22, 24], [7, 9], [27, 30], [25, 27], [19, 20], [22, 23], [16, 25], [10, 11], [2, 3], [1, 2], [1, 10], [4, 5], [25, 26], [27, 29], [17, 18], [30, 31], [13, 14], [3, 4], [17, 19], [2, 16], [30, 32], [19, 22], [19, 21], [16, 17], [11, 13], [27, 28], [11, 12], [13, 15], [1, 7], [3, 6]], "R": -3.8450000000000006}, "Base-2": {"Strat": [[19, 21], [30, 32], [30, 31], [1, 2], [7, 9], [2, 16], [27, 30], [19, 20], [2, 3], [22, 23], [11, 12], [16, 17], [3, 6], [25, 26], [1, 10], [13, 15], [16, 25], [19, 22], [17, 18], [11, 13], [27, 29], [1, 7], [22, 24], [17, 19], [13, 14], [7, 8], [3, 4], [25, 27], [4, 5], [10, 11], [27, 28]], "R": -3.3217999999999996}, "Base-3": {"Strat": [[13, 14], [30, 31], [11, 12], [19, 22], [22, 24], [17, 19], [11, 13], [22, 23], [27, 28], [7, 9], [17, 18], [16, 25], [1, 7], [7, 8], [19, 20], [13, 15], [25, 26], [2, 16], [27, 29], [2, 3], [30, 32], [1, 10], [3, 6], [4, 5], [10, 11], [3, 4], [27, 30], [25, 27], [19, 21], [16, 17], [1, 2]], "R": -3.5714000000000006}, "Base-4": {"Strat": [[16, 25], [27, 30], [19, 20], [17, 18], [22, 24], [16, 17], [3, 6], [4, 5], [3, 4], [19, 22], [13, 14], [27, 29], [19, 21], [7, 9], [25, 27], [1, 7], [1, 2], [2, 3], [13, 15], [17, 19], [11, 13], [30, 31], [22, 23], [25, 26], [10, 11], [27, 28], [2, 16], [11, 12], [1, 10], [30, 32], [7, 8]], "R": -3.4346000000000014}}