{"DQN": {"Strat": [[1, 2], [1, 7], [11, 12], [22, 24], [22, 23], [30, 32], [19, 21], [19, 20], [2, 16], [13, 15], [27, 28], [16, 17], [27, 29], [27, 30], [30, 31], [3, 4], [25, 27], [13, 14], [17, 18], [1, 10], [3, 6], [4, 5], [2, 3], [7, 8], [17, 19], [25, 26], [16, 25], [19, 22], [7, 9], [10, 11], [11, 13]], "R": -3.4585999999999997, "Hyperparameters": {"Batch Size": 128, "Gamma": 1, "EpsilonStart": 0.99, "EpsilonEnd": 0.3, "EpsilonDecay": 1000, "Tau": 0.005, "LearningRate": 0.0001, "NumEpisodes": 101}}, "Base-0": {"Strat": [[10, 11], [16, 17], [16, 25], [11, 12], [19, 22], [13, 15], [27, 29], [7, 8], [19, 21], [11, 13], [30, 31], [17, 18], [2, 16], [22, 23], [13, 14], [25, 27], [3, 4], [30, 32], [19, 20], [1, 10], [3, 6], [1, 2], [7, 9], [27, 28], [22, 24], [4, 5], [27, 30], [25, 26], [17, 19], [2, 3], [1, 7]], "R": -3.583400000000001}, "Base-1": {"Strat": [[11, 13], [7, 9], [22, 24], [3, 4], [19, 20], [19, 22], [1, 7], [30, 32], [1, 2], [16, 25], [30, 31], [25, 26], [2, 3], [13, 14], [25, 27], [27, 29], [4, 5], [19, 21], [27, 28], [7, 8], [11, 12], [10, 11], [13, 15], [2, 16], [17, 19], [27, 30], [3, 6], [1, 10], [16, 17], [22, 23], [17, 18]], "R": -3.4466}, "Base-2": {"Strat": [[7, 8], [16, 17], [1, 10], [11, 12], [22, 24], [2, 16], [30, 31], [25, 26], [16, 25], [27, 29], [17, 18], [7, 9], [4, 5], [1, 7], [3, 6], [3, 4], [27, 30], [17, 19], [19, 21], [27, 28], [1, 2], [22, 23], [19, 22], [13, 14], [25, 27], [11, 13], [13, 15], [2, 3], [10, 11], [19, 20], [30, 32]], "R": -3.0602}, "Base-3": {"Strat": [[7, 9], [1, 2], [17, 19], [25, 26], [17, 18], [11, 12], [11, 13], [3, 6], [27, 28], [30, 31], [1, 10], [13, 15], [30, 32], [1, 7], [4, 5], [3, 4], [2, 3], [19, 20], [27, 29], [25, 27], [7, 8], [19, 22], [16, 25], [27, 30], [10, 11], [16, 17], [22, 24], [22, 23], [13, 14], [19, 21], [2, 16]], "R": -3.3217999999999996}, "Base-4": {"Strat": [[30, 32], [1, 7], [1, 10], [22, 23], [19, 22], [19, 21], [1, 2], [10, 11], [22, 24], [7, 8], [2, 16], [27, 30], [17, 18], [11, 12], [11, 13], [27, 28], [19, 20], [3, 6], [25, 26], [17, 19], [7, 9], [16, 17], [30, 31], [25, 27], [4, 5], [2, 3], [13, 15], [27, 29], [13, 14], [3, 4], [16, 25]], "R": -3.1850000000000005}}