{"DQN": {"Strat": [[1, 4], [1, 2], [6, 9], [5, 8], [4, 5], [8, 9], [2, 3], [3, 6], [4, 7], [2, 5], [5, 6], [7, 8]], "R": -0.20010000000000017, "Hyperparameters": {"Batch Size": 128, "Gamma": 1, "EpsilonStart": 0.9, "EpsilonEnd": 0.05, "EpsilonDecay": 1000, "Tau": 0.005, "LearningRate": 0.0001, "NumEpisodes": 10001}}, "Base-0": {"Strat": [[2, 5], [5, 8], [1, 4], [8, 9], [7, 8], [3, 6], [5, 6], [2, 3], [4, 7], [6, 9], [1, 2], [4, 5]], "R": -0.32489999999999997}, "Base-1": {"Strat": [[2, 3], [8, 9], [2, 5], [7, 8], [5, 6], [6, 9], [3, 6], [4, 5], [4, 7], [1, 4], [5, 8], [1, 2]], "R": -0.3249000000000002}, "Base-2": {"Strat": [[4, 7], [2, 5], [6, 9], [3, 6], [1, 2], [5, 6], [2, 3], [7, 8], [4, 5], [8, 9], [5, 8], [1, 4]], "R": -0.18810000000000016}, "Base-3": {"Strat": [[7, 8], [2, 5], [1, 4], [4, 7], [2, 3], [6, 9], [8, 9], [4, 5], [1, 2], [5, 8], [3, 6], [5, 6]], "R": -0.06330000000000013}, "Base-4": {"Strat": [[8, 9], [6, 9], [4, 7], [5, 6], [1, 4], [2, 3], [3, 6], [7, 8], [4, 5], [2, 5], [1, 2], [5, 8]], "R": -0.05130000000000012}}