{"DQN": {"Strat": [[1, 2], [1, 4], [8, 9], [7, 8], [3, 6], [2, 3], [2, 5], [5, 8], [4, 7], [4, 5], [6, 9], [5, 6]], "R": 0.06149999999999989, "Hyperparameters": {"Batch Size": 36, "Gamma": 1, "EpsilonStart": 0.85, "EpsilonEnd": 0.05, "EpsilonDecay": 1000, "Tau": 0.01, "LearningRate": 0.001, "NumEpisodes": 1000}}, "Base-0": {"Strat": [[7, 8], [6, 9], [2, 5], [4, 7], [5, 6], [1, 4], [5, 8], [3, 6], [8, 9], [2, 3], [4, 5], [1, 2]], "R": -0.18809999999999993}, "Base-1": {"Strat": [[6, 9], [5, 8], [3, 6], [4, 7], [1, 4], [5, 6], [2, 5], [8, 9], [1, 2], [2, 3], [4, 5], [7, 8]], "R": -0.32489999999999997}, "Base-2": {"Strat": [[1, 2], [4, 7], [3, 6], [5, 6], [2, 5], [6, 9], [4, 5], [5, 8], [7, 8], [2, 3], [8, 9], [1, 4]], "R": -0.18809999999999993}, "Base-3": {"Strat": [[4, 7], [3, 6], [5, 8], [6, 9], [1, 2], [2, 3], [4, 5], [5, 6], [1, 4], [7, 8], [8, 9], [2, 5]], "R": -0.32489999999999997}, "Base-4": {"Strat": [[1, 2], [1, 4], [4, 5], [5, 8], [2, 3], [7, 8], [6, 9], [3, 6], [2, 5], [5, 6], [4, 7], [8, 9]], "R": -0.18809999999999993}}