{"DQN": {"Strat": [[1, 2], [1, 4], [8, 9], [5, 8], [4, 5], [6, 9], [5, 6], [4, 7], [7, 8], [3, 6], [2, 5], [2, 3]], "R": -0.20010000000000017, "Hyperparameters": {"Batch Size": 120, "Gamma": 1, "EpsilonStart": 0.9, "EpsilonEnd": 0.05, "EpsilonDecay": 1000, "Tau": 0.05, "LearningRate": 0.001, "NumEpisodes": 5001}}, "Base-0": {"Strat": [[5, 8], [4, 5], [7, 8], [2, 5], [6, 9], [1, 4], [3, 6], [2, 3], [1, 2], [5, 6], [8, 9], [4, 7]], "R": -0.31289999999999996}, "Base-1": {"Strat": [[3, 6], [8, 9], [6, 9], [4, 7], [2, 5], [5, 8], [7, 8], [5, 6], [1, 4], [2, 3], [1, 2], [4, 5]], "R": -0.18810000000000016}, "Base-2": {"Strat": [[7, 8], [3, 6], [4, 7], [2, 5], [2, 3], [4, 5], [5, 6], [8, 9], [1, 2], [5, 8], [1, 4], [6, 9]], "R": -0.18810000000000016}, "Base-3": {"Strat": [[1, 2], [1, 4], [6, 9], [7, 8], [8, 9], [4, 7], [4, 5], [5, 6], [5, 8], [3, 6], [2, 5], [2, 3]], "R": 0.06149999999999989}, "Base-4": {"Strat": [[1, 4], [8, 9], [5, 8], [1, 2], [5, 6], [6, 9], [2, 5], [4, 5], [2, 3], [3, 6], [4, 7], [7, 8]], "R": -0.20010000000000017}}