{"DQN": {"Strat": [[1, 2], [1, 4], [2, 3], [4, 5], [5, 6], [2, 5], [3, 6]], "R": 0.5349999999999999}, "Base-0": {"Strat": [[2, 5], [5, 6], [4, 5], [1, 4], [2, 3], [3, 6], [1, 2]], "R": -0.5617000000000001}, "Base-1": {"Strat": [[2, 3], [4, 5], [1, 2], [3, 6], [1, 4], [2, 5], [5, 6]], "R": -0.3683}, "Base-2": {"Strat": [[5, 6], [1, 4], [2, 3], [3, 6], [4, 5], [1, 2], [2, 5]], "R": -0.38680000000000003}, "Base-3": {"Strat": [[2, 3], [1, 2], [4, 5], [5, 6], [2, 5], [3, 6], [1, 4]], "R": -0.7551000000000001}, "Base-4": {"Strat": [[1, 2], [3, 6], [1, 4], [2, 5], [4, 5], [2, 3], [5, 6]], "R": 0}}